"Rob Blake","8445550","73"
"Rod Brind'Amour","8445735","80"
"Patrice Brisebois","8445739","62"
"Chris Chelios","8446053","30"
"Kris Draper","8446485","79"
"Sergei Fedorov","8446788","52"
"Martin Gelinas","8447091","27"
"Bobby Holik","8447958","62"
"Anthony Hrkac","8448017","12"
"Jaromir Jagr","8448208","62"
"Curtis Joseph","8448382","21"
"Mike Keane","8448415","74"
"Olie Kolzig","8448535","8"
"Claude Lemieux","8448772","41"
"Mike Modano","8449645","80"
"Petr Nedved","8449807","33"
"Owen Nolan","8449895","59"
"Teppo Numminen","8449924","57"
"Mark Recchi","8450725","80"
"Robert Reichel","8450767","47"
"Luke Richardson","8450824","2"
"Gary Roberts","8450900","30"
"Jeremy Roenick","8450978","42"
"Joe Sakic","8451101","15"
"Mathieu Schneider","8451224","67"
"Brendan Shanahan","8451302","34"
"Mike Sillinger","8451359","10"
"Mats Sundin","8451774","41"
"Niklas Andersson","8455447","85"
"Josef Beranek","8455575","50"
"Martin Brodeur","8455710","31"
"Keith Carney","8455805","12"
"Craig Conroy","8455919","82"
"Adam Foote","8456283","42"
"Bill Guerin","8456464","78"
"Bret Hedican","8456547","51"
"Jamie Heward","8456588","33"
"Sean Hill","8456595","47"
"Ken Klee","8456850","71"
"Jon Klemm","8456852","51"
"Vyacheslav Kozlov","8456887","82"
"Robert Lang","8456966","50"
"Nicklas Lidstrom","8457063","78"
"Brad May","8457261","58"
"Jaroslav Modry","8457403","52"
"Mikael Renberg","8457785","21"
"Teemu Selanne","8457981","65"
"Chris Simon","8458031","40"
"John Slaney","8458048","52"
"Jiri Slegr","8458052","48"
"Bryan Smolinski","8458069","21"
"Darryl Sydor","8458172","73"
"Chris Taylor","8458185","52"
"Keith Tkachuk","8458229","79"
"Roman Turek","8458266","44"
"Doug Weight","8458361","53"
"Sergei Zubov","8458494","10"
"Scott Niedermayer","8458517","82"
"Aaron Ward","8458519","65"
"Peter Forsberg","8458520","3"
"Brian Rolston","8458525","64"
"Philippe Boucher","8458527","41"
"Alex Kovalev","8458529","78"
"Markus Naslund","8458530","82"
"Martin Rucinsky","8458534","19"
"Dean McAmmond","8458536","62"
"Ray Whitney","8458537","82"
"Rene Corbet","8458538","46"
"Ziggy Palffy","8458540","53"
"Steve Staios","8458541","80"
"Jassen Cullimore","8458543","68"
"Jozef Stumpel","8458554","45"
"Chris Osgood","8458568","46"
"Michael Nylander","8458573","72"
"Yves Sarault","8458575","40"
"Milan Hnilicka","8458584","22"
"Mike Knuble","8458590","82"
"Alexei Zhitnik","8458595","56"
"Aris Brimanis","8458600","49"
"Sean O'Donnell","8458637","82"
"Oleg Petrov","8458641","54"
"Igor Ulanov","8458715","36"
"Roman Hamrlik","8458938","81"
"Alexei Yashin","8458939","56"
"Todd Warriner","8458941","34"
"Darius Kasparaitis","8458942","26"
"Cory Stillman","8458943","63"
"Robert Petrovicky","8458946","37"
"Sergei Gonchar","8458951","25"
"Jason Smith","8458954","63"
"Martin Straka","8458955","51"
"Peter Ferraro","8458960","52"
"Drew Bannister","8458962","34"
"Igor Korolev","8458974","56"
"Michael Peca","8458976","71"
"Sergei Brylin","8458978","50"
"Michael Fountain","8458981","14"
"Darren McCarty","8458982","32"
"Andrei Nikolishin","8458983","48"
"Patrick Traverse","8458986","78"
"Manny Fernandez","8458988","28"
"Jeremy Stevenson","8458996","8"
"Kirk Maltby","8459001","78"
"Craig Rivet","8459004","64"
"Jan Caloun","8459011","2"
"Chris Ferraro","8459021","64"
"Jere Lehtinen","8459024","48"
"Marcus Ragnarsson","8459035","49"
"Sami Helenius","8459038","45"
"Adrian Aucoin","8459053","81"
"Derek Armstrong","8459064","56"
"Jiri Dopita","8459069","51"
"Ian Laperriere","8459094","74"
"Juha Lind","8459114","55"
"Stephane Yelle","8459122","77"
"Nikolai Khabibulin","8459140","42"
"Mattias Timander","8459144","55"
"Jeff Toms","8459146","23"
"Jonas Hoglund","8459158","17"
"Chris Herperger","8459159","51"
"Mark Wotton","8459173","73"
"Daniel McGillis","8459174","47"
"Pascal Rheaume","8459223","56"
"Donald Brashear","8459246","63"
"Fred Brathwaite","8459252","49"
"Brandon Smith","8459262","42"
"Manny Legace","8459308","52"
"Bryan Helmer","8459406","75"
"Alexandre Daigle","8459423","44"
"Chris Pronger","8459424","82"
"Chris Gratton","8459425","48"
"Paul Kariya","8459426","11"
"Rob Niedermayer","8459427","79"
"Viktor Kozlov","8459428","67"
"Jason Arnott","8459429","65"
"Niklas Sundstrom","8459430","49"
"Brendan Witt","8459433","65"
"Kenny Jonsson","8459434","66"
"Denis Pederson","8459435","52"
"Landon Wilson","8459441","42"
"Saku Koivu","8459442","65"
"Anders Eriksson","8459443","64"
"Todd Bertuzzi","8459444","66"
"Shean Donovan","8459450","65"
"Jay Pandolfo","8459454","61"
"David Vyborny","8459455","52"
"Jamie Langenbrunner","8459457","81"
"Janne Niinimaa","8459458","26"
"Brendan Morrison","8459461","81"
"Bryan McCabe","8459462","69"
"Kevin Weekes","8459463","16"
"Rory Fitzpatrick","8459469","46"
"Chris Armstrong","8459478","49"
"Ville Peltonen","8459479","79"
"Maxim Galanov","8459482","38"
"Jamie Rivers","8459484","69"
"Vladimir Chebaturkin","8459487","11"
"Vinny Prospal","8459492","82"
"Marek Malik","8459493","42"
"Sebastien Bordeleau","8459494","35"
"Jamal Mayers","8459514","71"
"Bob Wren","8459519","51"
"Marty Murray","8459521","76"
"Shawn Bates","8459527","20"
"Miroslav Satan","8459534","75"
"Nolan Pratt","8459538","35"
"Tomas Vlasak","8459543","52"
"Scott Walker","8459547","41"
"Norm Maracle","8459549","33"
"Anders Myrvold","8459550","53"
"Alain Nasreddine","8459558","38"
"Per Svartvadet","8459562","55"
"Jere Karalahti","8459569","50"
"Frank Banham","8459570","58"
"Andreas Karlsson","8459571","11"
"Darcy Tucker","8459574","63"
"Patrick Lalime","8459579","24"
"Todd Marchant","8459587","72"
"Andrew Brunette","8459596","80"
"David Ling","8459602","56"
"Eric Boguniecki","8459615","69"
"Alan Letang","8459624","48"
"Hal Gill","8459628","62"
"Michael Grier","8459640","62"
"Martin Strbak","8459645","60"
"Pavol Demitra","8459648","69"
"Kimmo Timonen","8459670","77"
"Scott Nichol","8459687","43"
"Hans Jonsson","8459700","26"
"Mike Maneluk","8459889","9"
"Brad Smyth","8460044","25"
"Stacy Roest","8460061","50"
"Pascal Trepanier","8460087","49"
"Radek Bonk","8460105","66"
"Greg De Vries","8460254","71"
"Petr Sykora","8460465","76"
"Steve Martins","8460484","55"
"Ed Jovanovski","8460492","82"
"Oleg Tverdovsky","8460493","57"
"Ryan Smyth","8460496","77"
"Jamie Storr","8460497","38"
"Nolan Baumgartner","8460500","72"
"Wade Belak","8460502","53"
"Mattias Ohlund","8460503","82"
"Ethan Moreau","8460504","77"
"Wayne Primeau","8460507","24"
"Brad Brown","8460508","46"
"Deron Quint","8460521","52"
"Josef Marha","8460526","49"
"Ryan Johnson","8460527","62"
"Jason Holland","8460529","51"
"Curtis Brown","8460534","44"
"Jose Theodore","8460535","57"
"Mathieu Dandenault","8460540","41"
"Richard Park","8460541","71"
"Patrik Elias","8460542","80"
"Sven Butenschon","8460548","58"
"Vitali Yachmenev","8460551","47"
"Jason Strudwick","8460555","71"
"Freddy Modin","8460556","50"
"Marko Kiprusoff","8460560","34"
"Sheldon Souray","8460561","81"
"Chris Drury","8460562","81"
"Chris Clark","8460567","32"
"Hnat Domenichelli","8460573","40"
"Milan Hejduk","8460577","82"
"Vaclav Varada","8460579","16"
"Brad Lukowich","8460580","58"
"Jamie Wright","8460587","33"
"Eric Nickulas","8460588","21"
"Pavel Trnka","8460594","31"
"Nisse Ekman","8460595","46"
"Chris Schmidt","8460599","57"
"Brian Swanson","8460603","51"
"Marty Turco","8460612","74"
"Bates Battaglia","8460620","59"
"Daniel Alfredsson","8460621","79"
"Bryce Salvador","8460626","76"
"Alexander Korolyuk","8460629","56"
"Andre Roy","8460639","44"
"Serge Aubin","8460649","36"
"Colin Forbes","8460654","52"
"Shane Hnidy","8460661","65"
"Ladislav Kohn","8460663","54"
"Raymond Giroux","8460689","54"
"Vitali Yeremeyev","8460695","32"
"Frederic Cassivi","8460696","46"
"Tim Thomas","8460703","54"
"Johan Hedberg","8460704","33"
"Evgeni Nabokov","8460705","62"
"Tomas Vokoun","8460712","59"
"John Grahame","8460715","20"
"Steve Sullivan","8460719","41"
"Eric Boulton","8460720","76"
"Richard Zednik","8460735","70"
"Tomas Holmstrom","8460743","53"
"Dick Tarnstrom","8460757","46"
"Kim Johnsson","8460770","81"
"Dwayne Roloson","8460806","68"
"Bryan Berard","8462032","25"
"Wade Redden","8462033","81"
"Aki Berg","8462034","43"
"Daymond Langkow","8462036","73"
"Steve Kelly","8462037","45"
"Shane Doan","8462038","91"
"Kyle McLaren","8462040","22"
"Radek Dvorak","8462041","81"
"Jarome Iginla","8462042","82"
"Jean-Sebastien Giguere","8462044","46"
"Jay McKee","8462045","69"
"Martin Biron","8462047","55"
"Denis Gauthier","8462050","65"
"Brian Boucher","8462052","22"
"Aleksey Morozov","8462054","58"
"Marc Denis","8462055","47"
"Maxim Kuznetsov","8462056","10"
"Georges Laraque","8462060","33"
"Marc Chouinard","8462061","10"
"Donald MacLean","8462062","45"
"Dwayne Hay","8462071","22"
"Nathan Perrott","8462072","9"
"Jochen Hecht","8462077","76"
"Pavel Rosa","8462078","55"
"Jan Hlavac","8462081","54"
"Shane Willis","8462085","33"
"Peter Schaefer","8462093","47"
"Brad Isbister","8462094","24"
"Sergey Gusev","8462096","50"
"Sergei Vyshedkevich","8462097","51"
"Jean-Sebastien Aubin","8462102","23"
"John Tripp","8462103","47"
"Tomi Kallio","8462107","55"
"Sami Kapanen","8462114","62"
"Daniel Tjarnqvist","8462115","37"
"Vesa Toskala","8462117","53"
"Marc Savard","8462118","82"
"Matt Davidson","8462121","44"
"Cameron Mann","8462126","17"
"Radovan Somik","8462127","43"
"Michal Handzus","8462129","88"
"Benoit Gratton","8462135","40"
"Miikka Kiprusoff","8462147","76"
"Jason Morgan","8462149","59"
"Chris Mason","8462152","61"
"Jan Hrdina","8462159","3"
"Brent Johnson","8462161","21"
"Brent Sopel","8462176","23"
"Clarke Wilm","8462182","52"
"Denis Hamel","8462185","63"
"Stephane Robidas","8462196","72"
"Byron Ritchie","8462197","45"
"P.J. Axelsson","8462209","75"
"Jean-Luc Grand-Pierre","8462211","47"
"Dan Smith","8462213","79"
"Jaroslav Obsut","8462220","60"
"Filip Kuba","8462225","71"
"Jussi Markkanen","8462255","18"
"Danny Markov","8462258","24"
"Andy Delmore","8462416","52"
"Jeff Cowan","8462419","71"
"Jody Shelley","8462535","70"
"Ryan Tobler","8462633","64"
"Glen Metropolit","8462823","76"
"Robert Dome","8462843","45"
"Ã‰ric Landry","8463019","42"
"Shawn Heins","8463125","47"
"Bryan Muir","8463638","37"
"Chris Phillips","8464956","91"
"J-P Dumont","8464957","82"
"Richard Jackman","8464959","29"
"Boyd Devereaux","8464960","68"
"Ruslan Salei","8464962","70"
"Lance Ward","8464963","41"
"Josh Holden","8464965","49"
"Derek Morris","8464966","75"
"Marty Reasoner","8464967","79"
"Erik Rasmussen","8464968","37"
"Matt Higgins","8464971","32"
"Daniel Briere","8464975","29"
"Dainius Zubrus","8464977","82"
"Marco Sturm","8464979","19"
"Peter Ratchuk","8464980","47"
"Cory Sarich","8464981","76"
"Pavel Skrbek","8464982","55"
"Dan Lacouture","8464983","35"
"Josh Green","8464984","39"
"Matt Cullen","8464989","69"
"Marek Posmyk","8464990","35"
"Travis Brigley","8464993","50"
"Steve Begin","8464994","62"
"Jan Bulis","8464998","35"
"Mathieu Garon","8464999","19"
"Yuri Babenko","8465002","51"
"Pierre Dagenais","8465003","40"
"Colin White","8465005","71"
"Zdeno Chara","8465009","80"
"Tom Poti","8465012","52"
"Oleg Kvasha","8465018","52"
"Jon Sim","8465024","67"
"Arron Asham","8465025","78"
"Mark Parrish","8465026","47"
"Boyd Kane","8465028","59"
"Antti Jussi Niemi","8465034","37"
"Craig MacDonald","8465041","78"
"Toni Lydman","8465042","80"
"Josef Boumedienne","8465044","36"
"Eric Belanger","8465050","79"
"Trent Whitfield","8465056","72"
"Michal Rozsival","8465058","76"
"Matt Bradley","8465059","81"
"Ryan Christie","8465066","23"
"Jesse Boulerice","8465067","43"
"Alexei Tezikov","8465071","36"
"Andreas Dackell","8465090","55"
"Robert Esche","8465093","46"
"Brian Willsie","8465113","54"
"Brett Clark","8465122","76"
"Steve Valiquette","8465161","15"
"Craig Adams","8465166","45"
"Joel Kwiatkowski","8465168","57"
"Fernando Pisani","8465170","38"
"Dan Hinote","8465175","51"
"Andrei Podkonicky","8465178","51"
"Daniel Corso","8465179","41"
"Ronald Petrovicky","8465180","30"
"Willie Mitchell","8465185","82"
"Trevor Letowski","8465189","37"
"Samuel Pahlsson","8465192","65"
"Tomas Kaberle","8465200","57"
"Sami Salo","8465202","60"
"Pavel Kubina","8465210","82"
"Eric Meloche","8465220","49"
"Ivan Ciernik","8465230","50"
"Andrei Zyuzin","8465250","36"
"Richard Lintner","8465252","35"
"Marcus Nilson","8465253","45"
"Francis Bouillon","8465914","54"
"Matt Cooke","8465951","76"
"Brett McLean","8465968","80"
"Herbert Vasiljevs","8465975","62"
"Sergei Varlamov","8465977","33"
"Shawn Thornton","8465978","79"
"Aaron Downey","8465992","69"
"Sergei Samsonov","8466035","81"
"Jean-Guy Trudel","8466039","42"
"Mike Johnson","8466109","28"
"Randy Robitaille","8466110","30"
"Andrei Bashkirov","8466130","26"
"Joe Thornton","8466138","82"
"Patrick Marleau","8466139","76"
"Olli Jokinen","8466140","76"
"Roberto Luongo","8466141","54"
"Eric Brewer","8466142","28"
"Daniel Tkaczuk","8466143","37"
"Paul Mara","8466144","76"
"Nick Boynton","8466145","68"
"Jason Ward","8466147","22"
"Marian Hossa","8466148","74"
"Daniel Cleary","8466149","74"
"Michel Riesen","8466150","50"
"Michael Holmqvist","8466153","53"
"Mika Noronen","8466156","17"
"Scott Hannan","8466158","81"
"Brenden Morrow","8466160","18"
"Ben Clymer","8466162","49"
"Scott Barney","8466164","51"
"Jean-Marc Pelletier","8466165","52"
"Jean-Francois Fortin","8466170","37"
"Stanislav Gron","8466173","52"
"Jeremy Reich","8466174","76"
"Kristian Huselius","8466181","82"
"Henrik Tallinder","8466182","66"
"Yuri Butsayev","8466183","54"
"Pat Kavanagh","8466184","49"
"Rick Berry","8466189","47"
"Matt Elich","8466195","44"
"Lee Goren","8466197","46"
"Josh Langfeld","8466200","45"
"Maxim Afinogenov","8466202","48"
"Josef Melichar","8466203","65"
"Nick Smith","8466206","26"
"Petr Sykora","8466208","49"
"Steve Gainey","8466209","33"
"Ville Nieminen","8466210","55"
"Robert Schnabel","8466211","55"
"Francis Lessard","8466212","59"
"Joe Corvo","8466215","81"
"Adam Mair","8466216","75"
"Ivan Novoseltsev","8466225","29"
"Ryan Ready","8466230","48"
"Quintin Laing","8466232","56"
"Jame Pollock","8466236","44"
"Benjamin Simon","8466240","51"
"Jason Chimera","8466251","49"
"Kyle Calder","8466260","74"
"Jiri Bicek","8466261","56"
"Mike York","8466266","76"
"Peter Sarno","8466271","38"
"Andrei Skopintsev","8466282","55"
"Brian Campbell","8466285","82"
"Sascha Goc","8466288","48"
"David Aebischer","8466290","49"
"Todd Fedoruk","8466292","72"
"Ben Guite","8466300","50"
"Johan Holmqvist","8466303","51"
"Ladislav Nagy","8466304","51"
"Mike Mottau","8466309","80"
"Antti Laaksonen","8466316","51"
"Cam Severson","8466317","53"
"Niklas Nordgren","8466320","49"
"Andrew Ference","8466333","47"
"Kamil Piros","8466336","48"
"Scott Clemmensen","8466339","52"
"Jonathan Hedstrom","8466345","42"
"Kent McDonell","8466349","55"
"Karel Rachunek","8466353","57"
"Wyatt Smith","8466357","71"
"John Madden","8466371","76"
"Martin St. Louis","8466378","91"
"Derrick Walser","8466381","51"
"Todd White","8466392","82"
"Pascal Dupuis","8466393","71"
"Brad Moran","8466394","55"
"Tom Kostopoulos","8466398","78"
"Eric Perrin","8466399","78"
"Greg Leeb","8466403","30"
"Serge Payer","8466421","44"
"Brad Leeb","8466431","50"
"Martin Sonnenberg","8466436","38"
"Lubos Bartecko","8466437","63"
"Radoslav Suchy","8466443","48"
"Blake Sloan","8466971","50"
"Dan Boyle","8467096","77"
"Pete Vandermeer","8467137","80"
"Andy Sutton","8467304","23"
"Mark Mowers","8467323","23"
"Andre Savage","8467325","51"
"Vincent Lecavalier","8467329","77"
"David Legwand","8467330","73"
"Brad Stuart","8467331","67"
"Bryan Allen","8467332","2"
"Rico Fata","8467333","52"
"Manny Malhotra","8467334","77"
"Mark Bell","8467335","74"
"Mike Rupp","8467336","72"
"Jeff Heerema","8467337","48"
"Alex Tanguay","8467338","50"
"Patrick Desrochers","8467340","44"
"Eric Chouinard","8467342","41"
"Martin Skoula","8467343","81"
"Robyn Regehr","8467344","75"
"Mathieu Biron","8467345","49"
"Simon Gagne","8467346","79"
"Milan Kraft","8467347","21"
"Christian Backman","8467348","56"
"Mike Van Ryn","8467350","27"
"Scott Gomez","8467351","77"
"Vitaly Vishnevski","8467352","62"
"Nik Antropov","8467353","81"
"Dmitri Kalinin","8467354","82"
"Andrew Peters","8467355","28"
"Ramzi Abid","8467356","33"
"Jonathan Cheechoo","8467357","66"
"Artem Chubarov","8467359","40"
"Blair Betts","8467361","81"
"Christian Berglund","8467363","49"
"John Erskine","8467365","52"
"Ossi Vaananen","8467369","49"
"Mike Fisher","8467370","87"
"Mike Ribeiro","8467371","82"
"Justin Papineau","8467372","49"
"Norman Milley","8467373","52"
"Jaroslav Kristek","8467376","47"
"Tyler Bouck","8467383","63"
"Chris Bala","8467384","2"
"Denis Arkhipov","8467386","56"
"Joe Dipenta","8467387","47"
"Paul Manning","8467388","45"
"Brad Richards","8467389","56"
"Jason LaBarbera","8467391","28"
"Alex Henry","8467392","81"
"Jarkko Ruutu","8467393","85"
"Erik Cole","8467396","80"
"Dimitri Afanasenkov","8467397","56"
"Julien Vauclair","8467399","50"
"Francois Beauchemin","8467400","20"
"Brian Gionta","8467407","81"
"Matt Walker","8467408","65"
"Alexei Ponikarovsky","8467412","82"
"Ryan Jardine","8467414","36"
"Josef Vasicek","8467416","62"
"Eric Beaudoin","8467417","53"
"Mikko Jokela","8467421","55"
"Rob Davison","8467422","23"
"Shawn Horcoff","8467423","89"
"Petr Schastlivy","8467425","54"
"Kip Brennan","8467427","47"
"Krys Barch","8467428","72"
"Dany Sabourin","8467430","32"
"Jay Leach","8467436","48"
"Miroslav Zalesak","8467438","38"
"Jaroslav Spacek","8467439","80"
"Mike Siklenka","8467440","21"
"Patrick Leahy","8467444","54"
"Tomas Kloucek","8467450","47"
"Rob Scuderi","8467452","81"
"Andrew Raycroft","8467453","31"
"Ryan Flinn","8467461","52"
"Mikael Samuelsson","8467463","81"
"Trent Hunter","8467466","55"
"Pavel Patera","8467468","62"
"Allan Rourke","8467469","42"
"Kent Huskins","8467478","33"
"Tyler Arnason","8467483","71"
"Michael Morrison","8467486","3"
"Erik Westrum","8467488","32"
"Rickard Wallin","8467491","64"
"Chris Neil","8467493","60"
"Andrei Markov","8467496","78"
"Rastislav Stana","8467497","38"
"Tomas Zizka","8467499","49"
"Tomas Divisek","8467500","47"
"Ales Kotalik","8467502","82"
"Antero Niittymaki","8467511","32"
"Pavel Datsyuk","8467514","81"
"Niko Kapanen","8467516","60"
"Karlis Skrastins","8467519","80"
"Jonas Frogren","8467531","41"
"Jaroslav Svoboda","8467535","53"
"Jim Fahey","8467540","47"
"Petr Hubacek","8467541","40"
"Toby Petersen","8467543","57"
"Michael Ryder","8467545","74"
"Martin Cibak","8467557","53"
"Bruno St. Jacques","8467558","41"
"Matt Hussey","8467564","48"
"John Pohl","8467565","34"
"Trevor Gillies","8467579","30"
"Mark Eaton","8467580","68"
"Dean Arsene","8467583","46"
"Eric Healey","8467700","33"
"Curtis Murphy","8467731","27"
"Kirby Law","8467732","38"
"Jeff Halpern","8467831","52"
"Jason Blake","8467844","87"
"Steven Kariya","8467851","58"
"Brian Rafalski","8467856","78"
"Jason Krog","8467857","78"
"Bryan Adams","8467867","49"
"Daniel Sedin","8467875","82"
"Henrik Sedin","8467876","82"
"Pavel Brendl","8467877","56"
"Tim Connolly","8467878","48"
"Kris Beech","8467880","45"
"Taylor Pyatt","8467881","69"
"Jamie Lundmark","8467882","81"
"Branislav Mezei","8467883","56"
"Oleg Saprykin","8467884","60"
"Jani Rita","8467886","58"
"Jeff Jillson","8467887","41"
"Barret Jackman","8467890","82"
"Konstantin Koltsov","8467891","42"
"Kirill Safronov","8467892","38"
"Steve McCarthy","8467896","18"
"Martin Havlat","8467899","81"
"Kristian Kudroc","8467901","62"
"Charlie Stephens","8467904","51"
"Michael Ryan","8467905","58"
"Jonas Andersson","8467906","55"
"Ross Lupaschuk","8467907","22"
"Milan Bartovic","8467908","42"
"Alexei Semenov","8467909","47"
"Nolan Yonkman","8467910","61"
"Alex Auld","8467913","43"
"Tony Salmelainen","8467914","29"
"Mike Commodore","8467915","81"
"Jordan Leopold","8467917","83"
"Martin Grenier","8467918","47"
"Matt Murley","8467924","33"
"Adam Hall","8467925","74"
"Brad Ralph","8467926","28"
"Andrew Hutchinson","8467927","60"
"Doug Janik","8467928","37"
"Matt Carkner","8467931","68"
"Michael Zigomanis","8467937","22"
"Jan Lasak","8467938","39"
"Dan Jancevski","8467939","79"
"Zdenek Blatny","8467941","51"
"Niklas Hagman","8467943","72"
"Jason Jaspers","8467944","52"
"Frantisek Kaberle","8467949","30"
"Craig Anderson","8467950","31"
"Mattias Weinhandl","8467951","50"
"Adam Hauser","8467954","38"
"Niclas Havelid","8467956","78"
"Peter Smrek","8467958","53"
"Sebastien Caron","8467959","39"
"Jimmie Olvestad","8467961","41"
"Kyle Wanvig","8467962","34"
"Mike Comrie","8467964","63"
"Branko Radivojevic","8467966","55"
"Chris Kelly","8467967","82"
"Mathias Tjarnqvist","8467969","48"
"Juraj Kolnik","8467974","49"
"Brian McGrattan","8467977","6"
"Ryan Malone","8467988","70"
"Derek MacKenzie","8468001","65"
"Justin Mapletoft","8468003","52"
"Ryan Miller","8468011","59"
"Jordan Krestanovich","8468025","46"
"Niko Dimitrakos","8468028","54"
"Timo Helbling","8468035","49"
"Bjorn Melin","8468036","53"
"Martin Prusek","8468037","45"
"Michael Leighton","8468038","19"
"Damian Surma","8468047","58"
"Fedor Fedorov","8468055","32"
"Riku Hahl","8468056","52"
"Martin Erat","8468064","71"
"Vaclav Pletka","8468081","46"
"Layne Ulmer","8468082","49"
"Henrik Zetterberg","8468083","77"
"Radim Vrbata","8468085","36"
"Alexandre Giroux","8468086","81"
"Garnet Exelby","8468090","59"
"Colin Hemingway","8468094","68"
"George Parros","8468095","74"
"Radek Martinek","8468101","51"
"Petr Tenkrat","8468103","58"
"Goran Bezina","8468107","54"
"Pierre Hedin","8468112","53"
"Jeff Finger","8468113","66"
"Douglas Murray","8468114","75"
"Tommi Santala","8468118","57"
"Mikko Eloranta","8468120","48"
"Darren Haydar","8468121","79"
"Noah Clarke","8468123","53"
"Hannes Hyvonen","8468130","56"
"Lynn Loyns","8468150","52"
"Jeremy Yablonski","8468158","64"
"Brandon Reid","8468161","52"
"Jerred Smithson","8468162","82"
"Curtis Sanford","8468166","35"
"Ruslan Fedotenko","8468172","65"
"Lawrence Nycholat","8468184","22"
"Jeff Ulmer","8468189","52"
"Joel Ward","8468208","79"
"Jim Vandermeer","8468213","45"
"Sean Avery","8468224","49"
"Eric Godard","8468252","71"
"Mark Streit","8468309","80"
"Dwayne Zinger","8468413","35"
"Brian Pothier","8468427","13"
"Steve Reinprecht","8468432","73"
"Andy McDonald","8468434","46"
"Jean-Pierre Vigier","8468443","35"
"Brad Tapper","8468444","17"
"Dale Clarke","8468448","43"
"Greg Classen","8468449","44"
"Cory Larose","8468458","53"
"Mathieu Darche","8468463","80"
"Mike Weaver","8468478","58"
"Rick DiPietro","8468481","5"
"Dany Heatley","8468482","91"
"Marian Gaborik","8468483","17"
"Rostislav Klesla","8468484","34"
"Raffi Torres","8468485","51"
"Scott Hartnell","8468486","82"
"Lars Jonsson","8468487","53"
"Nikita Alexeev","8468488","54"
"Brent Krahn","8468489","20"
"Mikhail Yakubov","8468490","56"
"Pavel Vorobiev","8468491","46"
"Alexei Smirnov","8468492","55"
"Ron Hainsey","8468493","90"
"Vaclav Nedorost","8468494","50"
"Marcel Hossa","8468496","58"
"Alexei Mikhnov","8468497","52"
"Brooks Orpik","8468498","79"
"Krys Kolanos","8468499","66"
"Alex Frolov","8468500","84"
"Anton Volchenkov","8468501","69"
"David Hale","8468502","48"
"Nathan Smith","8468503","44"
"Brad Boyes","8468504","82"
"Steve Ott","8468505","64"
"Brian Sutherby","8468506","59"
"Justin Williams","8468508","44"
"Niklas Kronwall","8468509","80"
"Jeff Taffe","8468510","82"
"Tomas Kurka","8468512","56"
"Nick Schultz","8468513","79"
"Brad Winchester","8468515","77"
"Andy Hilbert","8468517","67"
"Tomas Kopecky","8468518","79"
"Kurtis Foster","8468520","16"
"Matt Pettinger","8468523","61"
"Ilya Bryzgalov","8468524","72"
"Jarret Stoll","8468526","74"
"Jonas Nordqvist","8468529","37"
"Kris Vernarsky","8468531","75"
"Andreas Lilja","8468534","60"
"Antoine Vermette","8468535","79"
"Aleksander Suglobov","8468536","54"
"Ivan Huml","8468539","64"
"Dan Ellis","8468540","35"
"Jakub Cutta","8468541","34"
"Paul Martin","8468542","73"
"Filip Novak","8468544","92"
"Joel Lundqvist","8468548","44"
"Mikael Tellqvist","8468550","21"
"Sergei Zinovjev","8468553","25"
"Igor Radulov","8468554","52"
"Jozef Balej","8468558","39"
"Ryan Bayda","8468560","70"
"Alexandre Kharitonov","8468561","55"
"Yanick Lehoux","8468566","80"
"Kurt Sauer","8468568","68"
"Libor Pivko","8468569","50"
"Dominic Moore","8468575","81"
"Niclas Wallin","8468577","64"
"Jon Disalvatore","8468584","76"
"Olli Malmivaara","8468597","57"
"Lubomir Visnovsky","8468598","50"
"Brian Fahey","8468599","66"
"Michel Ouellet","8468604","49"
"Matt Hendricks","8468611","47"
"Maxim Sushinsky","8468612","48"
"Petteri Nummelin","8468613","46"
"Mike Stuart","8468617","29"
"David Koci","8468626","37"
"Travis Moen","8468635","82"
"Greg Zanon","8468636","82"
"John-Michael Liles","8468639","84"
"Nolan Schaefer","8468646","51"
"Craig Weller","8468647","36"
"Erik Reitz","8468650","42"
"Jarno Kultanen","8468654","13"
"Jukka Hentunen","8468656","54"
"Darcy Hordichuk","8468660","73"
"Deryk Engelland","8468674","80"
"Ryan Caldwell","8468682","47"
"Henrik Lundqvist","8468685","70"
"Peter Bartos","8468694","56"
"Matthew Lombardi","8468695","78"
"Paul Gaustad","8468700","62"
"Antti Miettinen","8468704","89"
"Guillaume Lefebvre","8468707","70"
"Lubomir Sekeras","8468712","48"
"Janis Sprukts","8468714","60"
"Zdenek Kutlak","8468717","47"
"Adam Berkhoel","8468720","28"
"Chad Wiseman","8468726","23"
"Darryl Bootland","8468732","28"
"Reinhard Divis","8468741","15"
"Thomas Ziegler","8468743","55"
"Jean-Philippe Cote","8468745","50"
"Tomi Pettinen","8468747","46"
"Pavel Kolarik","8468748","52"
"Micki Dupont","8468750","50"
"Reto Von Arx","8468751","44"
"Roman Simicek","8468753","44"
"Andrej Nedorost","8468766","37"
"Simon Gamache","8468770","48"
"Colton Orr","8468778","82"
"Riley Cote","8468786","63"
"Jason Williams","8468789","80"
"Darcy Verot","8468798","28"
"Louis Robitaille","8468800","35"
"Tyler Sloan","8468846","72"
"Brennan Evans","8468853","75"
"Ben Ondrus","8468868","68"
"Jason Jaffray","8468881","70"
"Mitchell Fritz","8468884","56"
"Warren Peters","8468887","78"
"Steve Montador","8468927","78"
"Wade Brookbank","8469044","51"
"Raitis Ivanans","8469120","76"
"David Gove","8469132","20"
"Travis Roche","8469143","49"
"Ty Conklin","8469152","40"
"Duvie Westcott","8469442","51"
"Ilya Kovalchuk","8469454","88"
"Jason Spezza","8469455","91"
"Alexander Svitov","8469456","32"
"Stephen Weiss","8469457","78"
"Stanislav Chistov","8469458","56"
"Mikko Koivu","8469459","79"
"Mike Komisarek","8469460","66"
"Pascal Leclaire","8469461","12"
"Tuomo Ruutu","8469462","79"
"Fredrik Sjostrom","8469464","79"
"Dan Hamhuis","8469465","91"
"Ales Hemsky","8469466","79"
"Chuck Kobasew","8469467","68"
"R.J. Umberger","8469469","82"
"Carlo Colaiacovo","8469470","73"
"Shaone Morrisonn","8469472","72"
"Marcel Goc","8469473","55"
"Colby Armstrong","8469474","91"
"Jiri Novotny","8469475","42"
"Tim Gleason","8469476","70"
"Lukas Krajicek","8469477","71"
"Alexander Perezhogin","8469478","64"
"Jason Bacashihua","8469479","39"
"Jeff Woywitka","8469480","72"
"Adam Munro","8469482","26"
"David Steckel","8469483","76"
"Matthew Spiller","8469484","71"
"Derek Roy","8469485","91"
"Timofei Shishkanov","8469486","50"
"Mark Popovic","8469488","52"
"Duncan Milroy","8469489","49"
"Tim Jackman","8469490","81"
"Karel Pilar","8469491","37"
"Fedor Tyutin","8469492","82"
"Tuomas Pihlman","8469499","64"
"Mike Cammalleri","8469500","81"
"Chris Thorburn","8469501","82"
"Jaroslav Bednar","8469502","46"
"Noah Welch","8469505","47"
"Jason Pominville","8469506","82"
"Jay McClement","8469508","82"
"Nathan Paetsch","8469509","23"
"Matt Keith","8469510","46"
"Peter Budaj","8469514","56"
"Tomas Malec","8469515","51"
"Brendan Bell","8469516","68"
"Grant McNeill","8469518","25"
"Tomas Plekanec","8469521","87"
"Garth Murray","8469528","74"
"Michael Garnett","8469529","38"
"Jay Harrison","8469531","48"
"Aaron Johnson","8469534","40"
"Drew Fata","8469535","75"
"Stephane Veilleux","8469542","81"
"Evgeny Artyukhin","8469543","73"
"Patrick Sharp","8469544","61"
"Danny Bois","8469546","66"
"Jordin Tootoo","8469547","72"
"Ray Emery","8469548","36"
"Timo Parssinen","8469551","31"
"Tony Virta","8469552","50"
"Christian Ehrhoff","8469555","77"
"Dimitri Patzold","8469556","35"
"Tomi Maki","8469557","57"
"Martti Jarventie","8469558","17"
"Bryce Lampman","8469561","9"
"Richard Petiot","8469564","57"
"Tomas Surovy","8469568","38"
"Drew MacIntyre","8469569","55"
"Christoph Schubert","8469575","54"
"Kyle Wellwood","8469581","74"
"Colin Stuart","8469582","79"
"Joel Perrault","8469584","53"
"Tomas Plihal","8469587","64"
"Cole Jarrett","8469588","47"
"Cody McCormick","8469591","55"
"Jussi Timonen","8469593","24"
"Kevin Bieksa","8469598","72"
"Mike Smith","8469608","41"
"Andreas Salomonsson","8469610","44"
"Andy Chiodo","8469613","26"
"Maxim Kondratiev","8469615","42"
"Dennis Seidenberg","8469619","70"
"Ryane Clowe","8469622","71"
"Marek Zidlicky","8469623","83"
"Andrew Alberts","8469626","79"
"Tom Cavanagh","8469629","68"
"Jussi Jokinen","8469638","71"
"Brooks Laich","8469639","82"
"Derek Boogaard","8469647","51"
"Jordan Sigalet","8469653","4"
"Jason King","8469656","37"
"Cristobal Huet","8469658","41"
"David Moss","8469664","81"
"Johnny Oduya","8469665","87"
"Brandon Bochenski","8469666","76"
"Tony Martensson","8469667","64"
"David Printz","8469668","52"
"Marek Svatos","8469670","69"
"Aaron Voros","8469672","54"
"Martin Gerber","8469675","46"
"Ryan Hollweg","8469681","53"
"Milan Jurcina","8469684","79"
"Andrew Murray","8469685","67"
"Tomas Mojzis","8469689","50"
"Kari Haakana","8469691","18"
"Petr Cajanek","8469696","60"
"Dmitri Bykov","8469701","54"
"Pierre-Alexandre Parenteau","8469707","74"
"Ivan Majesky","8469710","45"
"Mikko Lehtonen","8469714","48"
"Ales Pisa","8469715","51"
"Shay Stephenson","8469720","50"
"Toni Dahlman","8469728","26"
"Joey MacDonald","8469732","49"
"Cam Paddock","8469733","76"
"Robert McVicar","8469750","1"
"Pascal Pelletier","8469752","78"
"Brandon Segal","8469755","71"
"Vernon Fiddler","8469759","78"
"Zbynek Michalek","8469760","82"
"Marc-Andre Bergeron","8469765","72"
"Dennis Wideman","8469770","79"
"Keith Aucoin","8469779","82"
"Karl Stewart","8469786","72"
"Kevin Dallman","8469795","53"
"Maxime Fortunus","8469798","58"
"Gregory Jacina","8469805","26"
"Jonathan Ferland","8469807","53"
"Chad LaRose","8469812","81"
"Zenon Konopka","8469820","77"
"Josh Gratton","8469844","40"
"Carl Corazzini","8469847","80"
"Thomas Pock","8469919","59"
"Graham Mink","8469920","70"
"Sheldon Brookbank","8469992","44"
"Rob Collins","8469994","46"
"Mark Hartigan","8469997","55"
"Mike Bishai","8469999","18"
"Jeff Giuliano","8470001","46"
"Jeff Hoggan","8470004","64"
"Mark Cullen","8470005","56"
"Matt Ellis","8470018","57"
"Wade Skolney","8470023","46"
"Lasse Pirjeta","8470030","7"
"Tomas Fleischmann","8470039","73"
"Rick Nash","8470041","78"
"Valtteri Filppula","8470047","80"
"Keith Ballard","8470054","91"
"Petr Kanko","8470055","38"
"Staffan Kronwall","8470058","62"
"Derek Meech","8470061","41"
"Tyler Weiman","8470062","44"
"Adam Burish","8470063","66"
"Steven Goertzen","8470064","73"
"Ryan Craig","8470065","54"
"Petr Prucha","8470072","47"
"Jeff Deslauriers","8470074","15"
"Jason Ryznar","8470075","77"
"Darren Reid","8470076","38"
"Hannu Toivonen","8470084","52"
"Paul Ranger","8470085","42"
"Joe Callahan","8470086","74"
"Matt Jones","8470088","58"
"Fredrik Norrena","8470090","19"
"Mike McKenna","8470093","39"
"Tim Conboy","8470101","67"
"Tom Gilbert","8470104","82"
"Scottie Upshall","8470105","82"
"Trevor Daley","8470110","75"
"John Zeiler","8470113","29"
"Brett Skinner","8470119","72"
"Alexander Semin","8470120","62"
"Matt Greene","8470121","82"
"Cam Janssen","8470123","56"
"Dwight Helminen","8470131","77"
"Jakub Klepis","8470134","62"
"Nathan Oystrick","8470136","53"
"Joni Pitkanen","8470137","71"
"Kari Lehtonen","8470140","46"
"Frans Nielsen","8470144","59"
"Curtis McElhinney","8470147","14"
"Jonas Johansson","8470150","50"
"Jay Bouwmeester","8470151","82"
"Joakim Lindstrom","8470152","68"
"Pierre-Marc Bouchard","8470153","71"
"Joey Crabb","8470156","71"
"Boyd Gordon","8470159","63"
"Matt Stajan","8470162","76"
"Matt Foy","8470165","4"
"Gregory Campbell","8470169","77"
"Ole-Kristian Tollefsen","8470170","19"
"Maxime Talbot","8470171","75"
"Christoph Brandner","8470172","47"
"Sean Bergenheim","8470176","59"
"Eric Nystrom","8470180","76"
"Jaroslav Balastik","8470185","52"
"Johnny Boychuk","8470187","79"
"David Van Der Gulik","8470189","79"
"Steve Eminger","8470192","71"
"Barry Tallackson","8470199","60"
"Jiri Hudler","8470201","82"
"Greg Mauldin","8470203","80"
"Joffrey Lupul","8470207","79"
"Joey Mormina","8470208","70"
"Josh Harding","8470216","19"
"James Wisniewski","8470222","50"
"Yan Stastny","8470223","64"
"Ilkka Pikkarainen","8470225","54"
"Daniel Paille","8470230","73"
"Kris Newbury","8470232","34"
"Matt Ellison","8470244","55"
"Mikko Luoma","8470247","54"
"Petr Taticek","8470248","50"
"Alexander Steen","8470257","81"
"David Leneveu","8470263","46"
"Barry Brust","8470264","28"
"Anton Babchuk","8470265","72"
"Tobias Stephan","8470266","15"
"Alexei Kaigorodov","8470267","56"
"Denis Grebeshkov","8470268","81"
"Ian White","8470273","76"
"Chris Higgins","8470274","63"
"Ben Eager","8470280","75"
"Duncan Keith","8470281","77"
"Jarkko Immonen","8470282","65"
"Tim Brent","8470283","66"
"Jim Slater","8470289","60"
"DJ King","8470294","1"
"Connor James","8470295","77"
"Erik Christensen","8470299","64"
"Andre Deveaux","8470301","59"
"Patrick Dwyer","8470302","75"
"Tom Koivisto","8470303","43"
"Rob Globke","8470305","28"
"Ryan Whitney","8470309","49"
"Aaron Rome","8470310","56"
"Nate Guenin","8470317","63"
"Jonathan Ericsson","8470318","59"
"Cam Ward","8470320","68"
"Patrick Rissmiller","8470321","66"
"Josh Gorges","8470324","81"
"Chris Campoli","8470329","76"
"Mike Glumac","8470330","66"
"Alexander Brooks","8470335","50"
"Carsen Germyn","8470336","75"
"Jesse Schultz","8470343","76"
"Richie Regehr","8470346","43"
"Alexandre Burrows","8470358","82"
"Martin St Pierre","8470366","75"
"Charles Linglet","8470370","58"
"Jeff Hamilton","8470373","65"
"Patrick Thoresen","8470375","57"
"Andre Benoit","8470378","64"
"Chris Minard","8470383","74"
"Nathan Robinson","8470418","48"
"Yutaka Fukufuji","8470534","35"
"Chris Kunitz","8470543","82"
"Peter Sejna","8470549","41"
"Joseph Motzko","8470564","79"
"Grant Stevenson","8470574","59"
"Tom Preissing","8470575","36"
"Freddy Meyer","8470578","27"
"Jed Ortmeyer","8470580","57"
"Wade Dubielewicz","8470584","24"
"Marc-Andre Fleury","8470594","62"
"Eric Staal","8470595","82"
"Nathan Horton","8470596","67"
"Nikolay Zherdev","8470597","85"
"Thomas Vanek","8470598","73"
"Milan Michalek","8470599","80"
"Ryan Suter","8470600","91"
"Braydon Coburn","8470601","85"
"Dion Phaneuf","8470602","80"
"Andrei Kostitsyn","8470603","74"
"Jeff Carter","8470604","82"
"Hugh Jessiman","8470605","69"
"Dustin Brown","8470606","89"
"Brent Seabrook","8470607","82"
"Robert Nilsson","8470608","64"
"Steve Bernier","8470609","81"
"Zach Parise","8470610","82"
"Eric Fehr","8470611","61"
"Ryan Getzlaf","8470612","81"
"Brent Burns","8470613","59"
"Mark Stuart","8470614","82"
"Marc-Antoine Pouliot","8470615","63"
"Ryan Kesler","8470616","82"
"Mike Richards","8470617","79"
"Anthony Stewart","8470618","59"
"Brian Boyle","8470619","70"
"Jeff Tambellini","8470620","71"
"Corey Perry","8470621","78"
"Patrick Eaves","8470622","74"
"Shawn Belle","8470623","60"
"Danny Richmond","8470624","73"
"Ryan Stone","8470625","79"
"Loui Eriksson","8470626","91"
"Vojtech Polak","8470629","45"
"Kevin Klein","8470630","63"
"Kamil Kreps","8470631","66"
"Tim Ramholt","8470632","66"
"Matt Smaby","8470634","68"
"Petr Vrana","8470635","30"
"Josh Hennessy","8470636","60"
"Konstantin Pushkarev","8470637","30"
"Patrice Bergeron","8470638","64"
"Dan Fritsche","8470639","50"
"Matthew Carle","8470640","76"
"Shea Weber","8470642","90"
"Ivan Baranka","8470643","53"
"Colin McDonald","8470644","80"
"Corey Crawford","8470645","47"
"B.J. Crombeen","8470647","81"
"Stefan Meyer","8470648","65"
"Patrick O'Sullivan","8470649","90"
"Jeremy Colliton","8470651","62"
"Michal Barinka","8470652","52"
"Maxim Lapierre","8470654","79"
"David Backes","8470655","91"
"David Liffiton","8470656","25"
"Jimmy Howard","8470657","46"
"Masi Marjamaki","8470659","43"
"Jean-Francois Jacques","8470661","15"
"Colin Fraser","8470662","81"
"Jonathan Filewich","8470663","68"
"Daniel Carcillo","8470666","74"
"Clarke MacArthur","8470667","71"
"Danny Irmen","8470671","69"
"Ryan O'Byrne","8470672","55"
"Stefan Ruzicka","8470674","61"
"Alexandre Picard","8470678","47"
"Ryan Potulny","8470680","78"
"Zack Fitzgerald","8470681","56"
"Alexander Sulzer","8470685","50"
"Zack Stortini","8470687","52"
"Philippe Dupuis","8470697","75"
"Martin Lojek","8470698","50"
"Jan Hejda","8470699","82"
"Byron Bitz","8470700","72"
"Jamie Tardif","8470704","55"
"Corey Locke","8470705","77"
"Guillaume Desbiens","8470708","78"
"Paul Bissonnette","8470713","72"
"Corey Potter","8470714","72"
"Alexandre Bolduc","8470719","70"
"Kyle Quincey","8470724","72"
"Tyson Strachan","8470729","59"
"Greg Moore","8470735","71"
"Brett Sterling","8470737","58"
"Lee Stempniak","8470740","84"
"Nigel Dawes","8470741","64"
"Lasse Kukkonen","8470743","54"
"Brady Murray","8470744","36"
"John Mitchell","8470750","76"
"Chris Beckford-Tseu","8470751","34"
"Brad Richardson","8470755","34"
"Marc Methot","8470760","66"
"Esa Pirnes","8470766","51"
"Chris Holt","8470772","26"
"Bruno Gervais","8470774","69"
"Nate Thompson","8470775","43"
"Francis Wathier","8470777","77"
"Drew Miller","8470778","80"
"Mark Flood","8470780","76"
"Doug O'Brien","8470784","68"
"Drew Bagnall","8470787","79"
"Joe Pavelski","8470794","85"
"Dylan Reese","8470798","75"
"Mike Brodeur","8470800","46"
"Kyle Brodziak","8470803","79"
"Mathieu Roy","8470804","59"
"Jeremy Williams","8470809","57"
"Gerald Coleman","8470813","47"
"Jay Rosehill","8470816","70"
"Matt Zaba","8470820","41"
"Joe Jensen","8470821","32"
"Toby Enstrom","8470828","84"
"Dustin Byfuglien","8470834","77"
"Andrew Joudrey","8470838","69"
"Shane O'Brien","8470839","77"
"Nathan McIver","8470843","46"
"Joey Tenute","8470850","56"
"Matt Moulson","8470852","61"
"Tanner Glass","8470854","47"
"Jaroslav Halak","8470860","38"
"Troy Bodie","8470867","75"
"Chris Porter","8470871","80"
"Nick Tarnasky","8470876","45"
"David Jones","8470877","40"
"Brian Elliott","8470880","61"
"Geoff Platt","8470882","58"
"Clayton Stoner","8470886","63"
"Steve MacIntyre","8470896","22"
"Triston Grant","8470899","55"
"Randy Jones","8470905","49"
"David Clarkson","8470920","82"
"Patrick Coulombe","8470935","56"
"Kevin Doell","8470937","37"
"Mark Giordano","8470966","58"
"Drew Larman","8470970","61"
"Darryl Boyce","8470986","73"
"Bryan Rodney","8470988","66"
"Danny Syvret","8470996","78"
"Aaron MacKenzie","8471004","57"
"Garrett Stafford","8471011","73"
"Curtis Glencross","8471185","74"
"Yann Danis","8471186","41"
"Brett Lebda","8471187","65"
"Andy Wozniewski","8471188","75"
"Prestin Ryan","8471200","16"
"Junior Lessard","8471206","62"
"Dustin Penner","8471208","78"
"Alex Ovechkin","8471214","79"
"Evgeni Malkin","8471215","82"
"Cam Barker","8471216","75"
"Andrew Ladd","8471217","82"
"Blake Wheeler","8471218","81"
"Al Montoya","8471219","35"
"Rostislav Olesz","8471220","44"
"Alexandre Picard","8471221","64"
"Ladislav Smid","8471222","60"
"Boris Valabik","8471223","67"
"Lauri Tukonen","8471224","35"
"Drew Stafford","8471226","88"
"Devan Dubnyk","8471227","62"
"Alexander Radulov","8471228","61"
"Petteri Nokelainen","8471229","50"
"Marek Schwarz","8471230","40"
"Kyle Chipchura","8471231","64"
"Lauri Korpikoski","8471232","72"
"Travis Zajac","8471233","87"
"Wojtek Wolski","8471234","78"
"Lukas Kaspar","8471235","78"
"Andrej Meszaros","8471236","52"
"Kris Chucko","8471237","76"
"Rob Schremp","8471238","73"
"Cory Schneider","8471239","48"
"Jeff Schultz","8471240","64"
"Mark Fistric","8471241","71"
"Mike Green","8471242","68"
"Dave Bolland","8471245","81"
"Chris Bourque","8471246","77"
"Justin Peters","8471251","56"
"Grant Lewis","8471253","55"
"Bryan Bickell","8471254","42"
"Michael Funk","8471256","13"
"Adam Pineault","8471259","70"
"Blake Comeau","8471260","72"
"Dane Byers","8471261","9"
"Carl Soderberg","8471262","45"
"Enver Lisin","8471263","58"
"Raymond Sawada","8471265","57"
"David Booth","8471266","72"
"Nicklas Grossmann","8471269","90"
"Brandon Dubinsky","8471273","82"
"Alex Goligoski","8471274","71"
"David Krejci","8471276","82"
"Martins Karsums","8471277","67"
"Sami Lepisto","8471279","77"
"Nick Johnson","8471280","74"
"Adam Berti","8471281","78"
"Casey Borer","8471282","54"
"Brandon Prust","8471283","36"
"Andrej Sekera","8471284","75"
"Scott Lehman","8471288","51"
"Peter Olvecky","8471290","77"
"Alexei Emelin","8471296","51"
"Peter Regin","8471299","73"
"Justin Pogge","8471302","60"
"Alexander Edler","8471303","80"
"Daniel Lacosta","8471305","48"
"Thomas Greiss","8471306","57"
"Johan Franzen","8471309","71"
"Dustin Boyd","8471310","76"
"Tyler Kennedy","8471311","67"
"JT Wyman","8471312","67"
"Mike Lundin","8471314","76"
"Brett Carson","8471321","74"
"Ryan Jones","8471323","71"
"Liam Reddox","8471324","60"
"Patrick Bordeleau","8471326","63"
"Wes O'Neill","8471327","63"
"Kevin Porter","8471331","76"
"Alexander Nikulin","8471334","70"
"David Laliberte","8471336","70"
"Torrey Mitchell","8471338","2"
"Ryan Callahan","8471339","81"
"Kris Versteeg","8471346","78"
"Nikita Nikitin","8471348","53"
"Jake Dowell","8471352","76"
"Bryan Young","8471358","63"
"Janne Niskala","8471359","45"
"Steve Regier","8471360","81"
"Mikhail Grabovski","8471362","78"
"Steven Zalewski","8471365","75"
"Roman Wick","8471368","51"
"Mike Brown","8471371","48"
"Ben Walter","8471372","69"
"Adam Pardy","8471385","60"
"Scott Parse","8471386","74"
"Patrick Kaleta","8471388","51"
"Mike Santorelli","8471390","77"
"Roman Polak","8471392","76"
"Derek Peltier","8471396","74"
"Robbie Earl","8471399","69"
"Lennart Petrell","8471402","43"
"Karri Ramo","8471403","51"
"Petri Kontiola","8471408","81"
"Andrew Gordon","8471409","81"
"Chad Kolarik","8471411","76"
"Mike Vernace","8471413","77"
"Anton Khudobin","8471418","43"
"Mark Mancari","8471419","80"
"Troy Brouwer","8471426","74"
"Pierre-Luc Letourneau-Leblond","8471428","68"
"Tyler Eckford","8471429","72"
"Daniel Taylor","8471433","15"
"Matt Hunwick","8471436","56"
"Martin Houle","8471444","17"
"Brandon Yip","8471450","45"
"Aaron Gagnon","8471451","61"
"Mike Card","8471452","19"
"Gregory Stewart","8471457","71"
"Pekka Rinne","8471469","58"
"Travis Morin","8471474","72"
"Daniel Winnik","8471476","54"
"Jakub Petruzalek","8471477","79"
"Janne Pesonen","8471480","77"
"Grant Clitsome","8471482","73"
"Kyle Wilson","8471483","80"
"Adam Cracknell","8471490","79"
"Jannik Hansen","8471498","57"
"Rene Bourque","8471504","58"
"Olivier Magnan","8471508","76"
"Rich Peverley","8471514","66"
"Riley Armstrong","8471516","73"
"Brad Staubitz","8471521","73"
"Matt Ryan","8471524","25"
"Rick Rypien","8471628","12"
"Ryan Shannon","8471634","89"
"Tim Sestito","8471636","52"
"Mike Iggulden","8471641","83"
"Cody McLeod","8471657","79"
"Mike Blunden","8471663","76"
"Mason Raymond","8471664","72"
"Mattias Ritola","8471668","66"
"Paul Stastny","8471669","45"
"Guillaume Latendresse","8471670","56"
"Dustin Kohn","8471671","58"
"Sidney Crosby","8471675","77"
"Bobby Ryan","8471676","78"
"Jack Johnson","8471677","50"
"Benoit Pouliot","8471678","67"
"Carey Price","8471679","52"
"Gilbert Brule","8471680","50"
"Jack Skille","8471681","66"
"Devin Setoguchi","8471682","81"
"Brian Lee","8471683","80"
"Anze Kopitar","8471685","82"
"Marc Staal","8471686","82"
"Ryan O'Marra","8471689","62"
"Martin Hanzal","8471691","74"
"Ryan Parent","8471692","46"
"Jakub Kindl","8471693","78"
"Kenndal McArdle","8471694","61"
"Tuukka Rask","8471695","58"
"Matt Lashoff","8471696","63"
"Niclas Bergfors","8471697","74"
"T.J. Oshie","8471698","66"
"Andrew Cogliano","8471699","82"
"Matt Pelech","8471700","64"
"Joe Finley","8471701","28"
"Matt Niskanen","8471702","89"
"Steve Downie","8471703","56"
"Vladimir Mihalik","8471704","72"
"Brendan Mikkelson","8471705","65"
"James Neal","8471707","85"
"Ryan Stoa","8471708","36"
"Marc-Edouard Vlasic","8471709","87"
"Taylor Chorney","8471710","70"
"Scott Jackson","8471711","37"
"Jeff Frazee","8471712","63"
"Petr Kalus","8471713","19"
"Michael Sauer","8471714","67"
"Ondrej Pavelec","8471715","52"
"Justin Abdelkader","8471716","78"
"Adam McQuaid","8471717","78"
"Marc-Andre Cliche","8471718","31"
"Matt Kassian","8471719","56"
"Kris Letang","8471724","74"
"Brodie Dupont","8471728","79"
"Kris Russell","8471729","80"
"Evan Brophey","8471730","79"
"Rich Clune","8471733","35"
"Jonathan Quick","8471734","58"
"Keith Yandle","8471735","69"
"Radek Smolenak","8471736","77"
"Perttu Lindgren","8471738","49"
"Teemu Laakso","8471741","42"
"Cody Franson","8471742","76"
"Vladimir Sobotka","8471743","69"
"Phil Oreskovic","8471746","75"
"Mikko Lehtonen","8471747","73"
"Mark Fraser","8471748","74"
"Ben Bishop","8471750","39"
"Marc-Andre Gragnani","8471752","80"
"T.J. Hensick","8471753","73"
"Oskars Bartulis","8471756","80"
"Cody Bass","8471760","30"
"Chris Butler","8471761","74"
"Chris VandeVelde","8471762","43"
"Ilya Zubov","8471763","73"
"Patrick Davis","8471764","75"
"Jonathan Sigalet","8471765","19"
"Jared Boll","8471766","75"
"Blair Jones","8471767","80"
"Tom Pyatt","8471768","73"
"Niklas Hjalmarsson","8471769","73"
"Alex Stalock","8471774","42"
"Jordan Lavallee-Smotherman","8471778","66"
"Jeremy Duchesne","8471781","18"
"Ray Macias","8471786","50"
"Tomas Popperle","8471793","41"
"Darren Helm","8471794","71"
"Brian Salcido","8471803","78"
"Nathan Gerbe","8471804","67"
"Tom Wandell","8471807","65"
"Derek Joslin","8471810","75"
"Cal O'Reilly","8471811","78"
"Mark Fayne","8471816","33"
"Ryan Reaves","8471817","57"
"Matt Keetley","8471819","40"
"Matt Watkins","8471821","41"
"Brian Foster","8471822","35"
"Justin Mercier","8471829","40"
"Nick Drazenovic","8471832","76"
"Brett Sutter","8471840","75"
"Tim Kennedy","8471842","74"
"Kris Fredheim","8471846","32"
"Andrey Zubarev","8471848","35"
"Matt D'Agostini","8471851","73"
"Nicolas Blanchard","8471853","55"
"Joe Vitale","8471856","45"
"Sergei Kostitsyn","8471859","72"
"Colin Greening","8471862","36"
"Mario Bliznak","8471863","64"
"Ryan Russell","8471868","79"
"Anton Stralman","8471873","81"
"Kyle Cumiskey","8471879","34"
"Chad Rau","8471885","38"
"Patric Hornqvist","8471887","77"
"Shaun Heshka","8471895","77"
"David Brine","8471906","79"
"Sebastien Bisaillon","8471911","58"
"Kevin Henderson","8471912","28"
"Vitaly Kolesnik","8471915","30"
"Mike Angelidis","8471916","67"
"Mike Duco","8471941","68"
"Andrew Desjardins","8471956","79"
"Dan Girardi","8471958","82"
"Ryan Keller","8471972","54"
"David Desharnais","8471976","77"
"Brett Festerling","8471978","74"
"Bracken Kearns","8471996","53"
"Kurtis McLean","8472008","66"
"Ryan Vesce","8472215","77"
"Jared Ross","8472248","74"
"Clay Wilson","8472262","77"
"Chris Durno","8472263","78"
"Alex Foster","8472334","80"
"Jaime Sifers","8472338","66"
"Rod Pelley","8472355","75"
"Bill Thomas","8472361","55"
"Bobby Robins","8472365","43"
"Chris Conner","8472368","68"
"Jordan Hendry","8472370","62"
"Jamie Hunt","8472375","50"
"Tim Stapleton","8472379","74"
"Andy Greene","8472382","49"
"Peter Harrold","8472394","72"
"Stephen Gionta","8472410","52"
"Patrick Fischer","8472418","50"
"Ryan Hamilton","8472424","65"
"Ville Koistinen","8473385","42"
"Niklas Backstrom","8473404","71"
"Per Ledin","8473407","61"
"Bryan Little","8473412","79"
"Leland Irving","8473414","47"
"Michael Caruso","8473416","73"
"Brad Marchand","8473419","79"
"Nick Foligno","8473422","90"
"Mike Weber","8473426","49"
"Derek Dorsett","8473432","59"
"Kevin Quick","8473433","73"
"Chad Johnson","8473434","35"
"Mathieu Carle","8473438","59"
"Jon Matsumoto","8473444","78"
"Kyle Okposo","8473449","74"
"Trevor Lewis","8473453","81"
"Rhett Rakhshani","8473456","38"
"Arturs Kulda","8473459","57"
"Steve Mason","8473461","64"
"Leo Komarov","8473463","61"
"Jamie McGinn","8473465","82"
"Ryan White","8473466","80"
"Eric Gryba","8473468","45"
"Milan Lucic","8473473","72"
"Riku Helenius","8473474","37"
"Jiri Tlusty","8473482","80"
"Kaspars Daugavins","8473484","53"
"Chris Stewart","8473485","72"
"Sergei Shirokov","8473488","56"
"Tomas Kana","8473491","48"
"Matt Beleskey","8473492","60"
"Ben Maxwell","8473493","80"
"Petteri Wirtanen","8473494","78"
"Oskar Osala","8473496","77"
"Reto Berra","8473499","16"
"Ty Wishart","8473501","66"
"James Reimer","8473503","31"
"Cal Clutterbuck","8473504","80"
"Peter LeBlanc","8473505","38"
"Jeff Petry","8473507","38"
"Jonas Junland","8473510","71"
"David McIntyre","8473511","37"
"Claude Giroux","8473512","75"
"Jesse Joensuu","8473514","78"
"Jhonas Enroth","8473523","58"
"Theo Peckham","8473525","62"
"Peter Mueller","8473526","72"
"Mark Dekanich","8473532","30"
"Jordan Staal","8473533","82"
"Patrik Berglund","8473534","83"
"James Sheppard","8473536","82"
"Viktor Stalberg","8473537","39"
"Carl Sneep","8473539","33"
"Jonathan Bernier","8473541","54"
"Tom Sestito","8473542","52"
"Derick Brassard","8473544","31"
"Michael Grabner","8473546","69"
"Phil Kessel","8473548","70"
"Andrew Bodnarchuk","8473550","62"
"Jeff Zatkoff","8473553","40"
"Cory Emmerton","8473558","69"
"Korbinian Holzer","8473560","38"
"John McCarthy","8473562","45"
"Nicklas Backstrom","8473563","82"
"Michael Frolik","8473564","79"
"Brian Strait","8473565","38"
"Andreas Nodl","8473568","77"
"Jan Mursak","8473569","51"
"Jamie McBain","8473571","50"
"Artem Anisimov","8473573","81"
"Shawn Matthias","8473574","77"
"Semyon Varlamov","8473575","33"
"Nikolay Kulemin","8473579","78"
"Matthew Corrente","8473580","67"
"Ivan Vishnevskiy","8473582","70"
"Andrew MacDonald","8473584","72"
"Erik Condra","8473588","40"
"Chris Summers","8473589","41"
"Vladimir Zharkov","8473592","69"
"Benn Ferriero","8473600","37"
"Jonathan Toews","8473604","82"
"Alexander Vasyunov","8473605","71"
"Michal Neuvirth","8473607","35"
"Blake Geoffrion","8473608","35"
"Bobby Sanguinetti","8473610","78"
"Shane Sims","8473611","42"
"Richard Bachman","8473614","35"
"Jonathan Rheault","8473616","75"
"Mathieu Perreault","8473618","77"
"Josh Tordjman","8473632","53"
"Denis Tolpeko","8473635","42"
"Cedrick Desjardins","8473638","30"
"Gabe Gauthier","8473644","69"
"Ryan Carter","8473646","48"
"FrÃ©dÃ©ric St-Denis","8473647","48"
"Victor Bartley","8473658","82"
"David Schlemko","8473673","71"
"Andrew Ebbett","8473682","76"
"Trevor Frischmon","8473687","80"
"Ryan Wilson","8473700","68"
"Frazer McLaren","8473712","75"
"John Scott","8473722","64"
"Tim Wallace","8473734","74"
"Jamie Fraser","8473827","67"
"Greg Rallo","8473867","55"
"Paul Szczechura","8473898","64"
"Kyle Greentree","8473904","81"
"Sean Bentivoglio","8473905","79"
"Kevin Westgarth","8473908","74"
"Steven Pinizzotto","8473911","56"
"Sean Collins","8473913","54"
"Mark Letestu","8473914","73"
"Steve Wagner","8473916","69"
"Joe Piskula","8473921","67"
"Darcy Campbell","8473923","74"
"Cory Murphy","8473924","37"
"Brad Mills","8473927","75"
"Lee Sweatt","8473931","52"
"Darroll Powe","8473932","68"
"Ben Lovejoy","8473933","78"
"Trevor Smith","8473942","83"
"Matt Anderson","8473944","66"
"Derek Smith","8473953","75"
"Teddy Purcell","8473962","78"
"Rob Klinkhammer","8473970","76"
"Jonas Hiller","8473972","46"
"Antti Pihlstrom","8473973","68"
"Erik Ersberg","8473975","28"
"Jaroslav Hlinka","8473979","61"
"Magnus Johansson","8473981","62"
"Alex Killorn","8473986","30"
"Luke Gazdic","8473989","65"
"Karl Alzner","8473991","78"
"Justin Falk","8473992","65"
"Jamie Benn","8473994","62"
"Luca Caputi","8473997","74"
"Nick Palmieri","8473999","61"
"Steven Kampfer","8474000","25"
"TJ Galiardi","8474001","77"
"Colby Cohen","8474002","43"
"Alex Grant","8474005","60"
"Paul Carey","8474008","24"
"Nick Bonino","8474009","44"
"John Albert","8474012","42"
"Ian Cole","8474013","44"
"Jim O'Brien","8474024","75"
"Eric Tangradi","8474025","61"
"Justin Braun","8474027","39"
"Cade Fairchild","8474029","41"
"Aaron Palushaj","8474030","49"
"Kevin Shattenkirk","8474031","49"
"Nick Petrecki","8474032","35"
"Patrick Maroon","8474034","80"
"Bill Sweatt","8474035","37"
"James van Riemsdyk","8474037","49"
"Paul Byron","8474038","64"
"Sam Gagner","8474040","76"
"Cody Almond","8474042","70"
"Zach Hamill","8474045","65"
"Alex Plante","8474046","68"
"Keith Aulie","8474048","64"
"Akim Aliu","8474049","50"
"Brett MacLean","8474050","74"
"Chris Terry","8474052","53"
"Logan Couture","8474053","66"
"P.K. Subban","8474056","62"
"Allen York","8474057","16"
"Linus Omark","8474059","62"
"Anthony Peluso","8474061","63"
"Riley Nash","8474062","36"
"Mark Katic","8474063","63"
"Thomas Hickey","8474066","70"
"Kyle Turris","8474068","71"
"Paul Postma","8474074","70"
"John Negrin","8474076","66"
"Carson McMillan","8474077","68"
"Johan Harju","8474085","64"
"Brad Malone","8474089","41"
"Brendan Smith","8474090","31"
"Brandon Sutter","8474091","72"
"Matt Halischuk","8474094","48"
"Dana Tyrell","8474095","30"
"Nick Spaling","8474096","79"
"Colton Sceviour","8474098","69"
"Dwight King","8474100","64"
"David Perron","8474102","81"
"TJ Brennan","8474113","59"
"Oscar Moller","8474114","54"
"Colton Gillies","8474121","45"
"Carl Gunnarsson","8474125","59"
"Milan Kytnar","8474128","72"
"Corey Tropp","8474130","21"
"Yannick Weber","8474134","74"
"Brett Bellemore","8474135","35"
"Drayson Bowman","8474137","68"
"Dustin Jeffrey","8474138","77"
"Maxime Macenauer","8474139","54"
"Patrick Kane","8474141","80"
"Ryan Thang","8474143","33"
"Robert Bortuzzo","8474145","23"
"Spencer Machacek","8474146","79"
"Evgenii Dadonov","8474149","47"
"Mikael Backlund","8474150","54"
"Ryan McDonagh","8474151","42"
"Scott Darling","8474152","27"
"Michal Repik","8474153","80"
"Andreas Thuresson","8474154","74"
"Max Pacioretty","8474157","71"
"Jakub Voracek","8474161","80"
"Jake Muzzin","8474162","62"
"Kevin Marshall","8474163","61"
"Jonathon Blum","8474164","57"
"Alec Martinez","8474166","72"
"Joakim Andersson","8474168","60"
"Carl Hagelin","8474176","41"
"Jon Kalinski","8474177","58"
"Keaton Ellerby","8474184","75"
"Lars Eller","8474189","56"
"Wayne Simmonds","8474190","82"
"Matt Frattin","8474192","42"
"Timo Pielmeier","8474194","48"
"Maksim Mayorov","8474195","74"
"Pierre-Cedric Labrie","8474201","63"
"John Curry","8474202","53"
"Nick Holden","8474207","61"
"Jason Demers","8474218","78"
"Jerome Samson","8474220","70"
"Maxim Noreau","8474222","77"
"Nate Raduns","8474225","71"
"Micheal Haley","8474230","45"
"Brett Gallant","8474236","50"
"Zack Smith","8474250","80"
"Jay Beagle","8474291","50"
"Joel Rechlicz","8474383","66"
"Brock Trotter","8474436","76"
"Matt Climie","8474488","45"
"Michael Kostka","8474497","80"
"Jesse Winchester","8474498","76"
"Derek Whitmore","8474500","77"
"Jeff Penner","8474511","80"
"Davis Drewiske","8474518","78"
"Jack Hillen","8474519","73"
"Jason Garrison","8474520","76"
"Mike Moore","8474531","76"
"Chris Mueller","8474535","62"
"Antti Niemi","8474550","41"
"Ville Leino","8474551","70"
"Fabian Brunnstrom","8474552","56"
"Eric Selleck","8474554","26"
"Anssi Salmela","8474557","73"
"Drew Doughty","8474563","90"
"Steven Stamkos","8474564","88"
"Alex Pietrangelo","8474565","51"
"Nikita Filatov","8474566","54"
"Zach Bogosian","8474567","61"
"Luke Schenn","8474568","79"
"Colin Wilson","8474569","58"
"Cody Hodgson","8474570","59"
"Mikkel Boedker","8474571","84"
"Josh Bailey","8474573","68"
"Tyler Myers","8474574","64"
"Colten Teubert","8474575","74"
"Zach Boychuk","8474576","53"
"Joe Colborne","8474577","40"
"Erik Karlsson","8474578","59"
"Luca Sbisa","8474579","59"
"Jake Gardiner","8474581","39"
"Mattias Tedenby","8474582","51"
"Michael Del Zotto","8474584","62"
"Tyler Cuma","8474585","21"
"Jordan Eberle","8474586","76"
"Greg Nemisz","8474587","72"
"Viktor Tikhonov","8474588","65"
"Tyler Ennis","8474589","67"
"John Carlson","8474590","59"
"Tom McCollum","8474591","59"
"Philip McRae","8474592","59"
"Jacob Markstrom","8474593","40"
"Slava Voynov","8474594","61"
"Jake Allen","8474596","53"
"Cody Goloubef","8474597","42"
"Nicolas Deschamps","8474598","67"
"Roman Josi","8474600","53"
"Yann Sauve","8474601","61"
"Justin Schultz","8474602","49"
"Eric O'Dell","8474603","65"
"Aaron Ness","8474604","37"
"Patrick Wiercioch","8474605","36"
"Colby Robak","8474606","65"
"Max Sauve","8474607","64"
"Luke Adam","8474609","47"
"Zac Dalpe","8474610","37"
"Cameron Gaunce","8474611","67"
"Travis Hamonic","8474612","57"
"Derek Stepan","8474613","40"
"Jared Staal","8474615","72"
"Patrice Cormier","8474616","60"
"Marco Scandella","8474618","60"
"Jimmy Hayes","8474625","42"
"Jori Lehtera","8474627","65"
"Michael Stone","8474628","69"
"Shawn Lalonde","8474629","66"
"Marc-Andre Bourdon","8474631","54"
"Evgeny Grachev","8474634","67"
"Michael Hutchinson","8474636","38"
"Andrew Campbell","8474638","72"
"Adam Henrique","8474641","56"
"Lance Bouma","8474642","48"
"Brandon McMillan","8474646","70"
"Tomas Kundratek","8474649","57"
"Braden Holtby","8474651","61"
"Jamie Arniel","8474657","63"
"Matt Donovan","8474659","57"
"David Warsofsky","8474660","45"
"Michal Jordan","8474661","64"
"Johan Motin","8474662","60"
"David Ullstrom","8474666","42"
"Dale Weise","8474668","74"
"Andre Petersson","8474670","52"
"TJ Brodie","8474673","63"
"James Wright","8474674","71"
"Gustav Nyquist","8474679","38"
"Andrei Loktionov","8474681","51"
"Dustin Tokarski","8474682","58"
"Derek Grant","8474683","35"
"Matt Calvert","8474685","58"
"Greg Pateryn","8474688","28"
"Kevin Poulin","8474690","39"
"Philippe Cornet","8474691","63"
"Tomas Kubalik","8474693","42"
"Mark Borowiecki","8474697","33"
"Mark Olver","8474705","40"
"Philip Larsen","8474707","54"
"Alexander Pechurskiy","8474708","20"
"Matt Martin","8474709","61"
"Cam Atkinson","8474715","36"
"Jared Spurgeon","8474716","59"
"Mark Barberio","8474717","66"
"Teemu Hartikainen","8474719","60"
"Ben Smith","8474727","37"
"Mike Murphy","8474729","54"
"Jonas Holos","8474730","55"
"Justin DiBenedetto","8474731","62"
"Zac Rinaldo","8474736","56"
"Tommy Wingels","8474739","41"
"Zach Redmond","8474743","38"
"Sean Collins","8474744","33"
"Matt Bartkowski","8474749","41"
"Joacim Eriksson","8474754","33"
"Stefan Della Rovere","8474762","65"
"Anders Lindback","8474765","27"
"Peter Mannino","8474771","46"
"Stu Bickel","8474772","21"
"Dalton Prout","8474774","65"
"Justin Hodgman","8474793","72"
"Jordie Benn","8474818","55"
"Mark Cundari","8474837","60"
"Carter Bancks","8474844","53"
"Antoine Roussel","8474849","58"
"Brandon Mashinter","8474850","52"
"Nathan Lawson","8474855","34"
"Tyler Johnson","8474870","68"
"Brian Lashoff","8474873","66"
"Mike Hoffman","8474884","62"
"Martin Jones","8474889","55"
"Eric Wellwood","8474892","61"
"Mark Van Guilder","8474939","73"
"Matt Taormina","8475060","45"
"David Sloane","8475068","37"
"Geoff Kinrade","8475073","49"
"Johan Backlund","8475080","49"
"MacGregor Sharp","8475085","49"
"Corey Elkins","8475086","42"
"Christian Hanson","8475087","42"
"Brad Thiessen","8475097","41"
"Tyler Bozak","8475098","19"
"Travis Turnbull","8475102","44"
"Evan Oberg","8475104","43"
"Dan Sexton","8475105","38"
"Jamie Fritsch","8475115","39"
"Matt Gilroy","8475118","45"
"Zach Sill","8475119","58"
"Ilkka Heikkinen","8475128","54"
"Alexander Salak","8475130","52"
"Jordan Schroeder","8475147","41"
"Tim Erixon","8475148","69"
"Marcus Johansson","8475149","58"
"Jordan Caron","8475150","56"
"Kyle Palmieri","8475151","33"
"Dylan Olsen","8475153","59"
"Carter Ashton","8475154","70"
"Simon Despres","8475155","72"
"Mikko Koskinen","8475156","42"
"Landon Ferraro","8475157","73"
"Ryan O'Reilly","8475158","74"
"Carl Klingberg","8475159","62"
"Kyle Clifford","8475160","66"
"Chris Brown","8475161","69"
"Mat Clark","8475162","63"
"Alex Chiasson","8475163","56"
"Jakob Silfverberg","8475164","46"
"Anton Lander","8475165","61"
"John Tavares","8475166","62"
"Victor Hedman","8475167","51"
"Matt Duchene","8475168","57"
"Evander Kane","8475169","67"
"Brayden Schenn","8475170","70"
"Oliver Ekman-Larsson","8475171","53"
"Nazem Kadri","8475172","56"
"Scott Glennie","8475173","55"
"Jared Cowen","8475174","48"
"Magnus Paajarvi","8475175","63"
"Ryan Ellis","8475176","63"
"Calvin de Haan","8475177","74"
"Zack Kassian","8475178","67"
"Dmitry Kulikov","8475179","64"
"Peter Holland","8475180","74"
"Nick Leddy","8475181","55"
"David Rundblad","8475182","61"
"Louis Leblanc","8475183","60"
"Chris Kreider","8475184","31"
"Jacob Josefson","8475185","67"
"John Moore","8475186","57"
"Brayden McNabb","8475188","73"
"Jamie Devane","8475190","64"
"Reilly Smith","8475191","49"
"Taylor Beck","8475192","67"
"Tomas Tatar","8475193","56"
"Philip Samuelsson","8475194","65"
"Anders Nilsson","8475195","39"
"Ben Hanowski","8475196","50"
"Tyson Barrie","8475197","68"
"Joonas Nattinen","8475198","61"
"Eric Gelinas","8475199","67"
"Dmitry Orlov","8475200","23"
"Jesse Blacker","8475203","67"
"Brandon Pirri","8475204","44"
"Stefan Elliott","8475206","77"
"Brian Dumoulin","8475208","41"
"Richard Panik","8475209","41"
"Drew Shore","8475213","69"
"Jeremy Morin","8475214","62"
"Robin Lehner","8475215","28"
"Mattias Ekholm","8475218","59"
"Kristopher Foucault","8475219","58"
"Marcus Foligno","8475220","65"
"Sami Vatanen","8475222","35"
"Linden Vey","8475223","71"
"Jordan Szwarz","8475224","67"
"Craig Smith","8475225","54"
"Casey Cizikas","8475231","55"
"David Savard","8475233","68"
"Nicolas Deslauriers","8475235","68"
"Cody Eakin","8475236","60"
"Kevin Connauton","8475246","40"
"Michael Latta","8475247","65"
"Alexander Urbom","8475248","44"
"Andrej Nestrasil","8475250","72"
"Matt Hackett","8475252","55"
"Garrett Wilson","8475253","53"
"Gabriel Dumont","8475254","51"
"Corban Knight","8475260","61"
"Roman Horak","8475264","54"
"Tomas Vincour","8475266","55"
"Gabriel Bourque","8475268","60"
"Anton Klementyev","8475270","1"
"Seth Helgeson","8475274","58"
"Patrick Wey","8475275","58"
"Ben Chiarot","8475279","67"
"Lane MacDermid","8475283","64"
"Erik Haula","8475287","59"
"Brandon Kozun","8475295","72"
"Mitch Callahan","8475296","70"
"Joni Ortio","8475299","37"
"Connor Knapp","8475303","23"
"Scott Timmins","8475304","66"
"Jerry D'Amigo","8475309","60"
"Curtis McKenzie","8475310","53"
"Darcy Kuemper","8475311","55"
"Anders Lee","8475314","49"
"Philip Varone","8475321","58"
"Marcus Kruger","8475323","49"
"Jordan Nolan","8475325","64"
"Adam Almquist","8475332","41"
"Oliver Lauridsen","8475342","33"
"Jonas Gustavsson","8475361","47"
"Andreas Engqvist","8475372","31"
"Mika Pyorala","8475381","55"
"Matthew Konan","8475395","61"
"Craig Cunningham","8475414","72"
"Darren Archibald","8475423","68"
"Brandon Manning","8475430","72"
"Henrik Karlsson","8475431","47"
"Brenden Dillon","8475455","70"
"Andrew Agozzino","8475461","67"
"Radko Gudas","8475462","48"
"Julien Brouillette","8475567","70"
"Ryan Stanton","8475598","69"
"Casey Wellman","8475602","39"
"Ben Holmstrom","8475603","38"
"Nate Prosser","8475613","38"
"Aaron Volpatti","8475619","32"
"Carter Hutton","8475622","19"
"Matt Irwin","8475625","31"
"Bobby Butler","8475637","38"
"Brayden Irwin","8475638","33"
"Erik Gustafsson","8475640","40"
"Brendon Nash","8475641","34"
"Chris Breen","8475648","65"
"Brandon Bollig","8475650","36"
"Cam Talbot","8475660","24"
"Dave Dziurzynski","8475661","54"
"Eddie Lack","8475663","40"
"Matt Fraser","8475671","63"
"Linus Klasen","8475677","62"
"Jarod Palmer","8475679","41"
"Jussi Rynnas","8475680","8"
"Ben Scrivens","8475681","36"
"Sergei Bobrovsky","8475683","32"
"Christopher Tanev","8475690","50"
"Mats Zuccarello","8475692","44"
"Calle Jarnkrok","8475714","54"
"Martin Marincin","8475716","57"
"Calvin Pickard","8475717","47"
"Kent Simpson","8475720","27"
"Jason Zucker","8475722","71"
"Tyler Toffoli","8475726","54"
"Ryan Spooner","8475727","62"
"Johan Larsson","8475728","44"
"Max Reinhart","8475733","62"
"Greg McKegg","8475735","64"
"Michael Bournival","8475739","46"
"Evgeny Kuznetsov","8475744","29"
"Charlie Coyle","8475745","26"
"Patrik Nemeth","8475747","47"
"Christian Thomas","8475749","59"
"Jon Merrill","8475750","50"
"Tyler Pitlick","8475752","25"
"Justin Faulk","8475753","56"
"Brock Nelson","8475754","31"
"Alex Petrovic","8475755","66"
"Brett Bulmer","8475757","39"
"Devante Smith-Pelly","8475758","57"
"Brandon Gormley","8475759","62"
"Nick Bjugstad","8475760","25"
"Beau Bennett","8475761","46"
"Kevin Hayes","8475763","23"
"Cam Fowler","8475764","54"
"Vladimir Tarasenko","8475765","45"
"Austin Watson","8475766","63"
"Joey Hishon","8475767","71"
"Jaden Schwartz","8475768","46"
"Quinton Howden","8475769","62"
"Emerson Etem","8475770","32"
"Mark Visentin","8475771","23"
"Riley Sheahan","8475772","40"
"Petter Granberg","8475774","36"
"Tye McGinn","8475775","62"
"Chris Wagner","8475780","38"
"Jeff Skinner","8475784","63"
"Alexander Burmistrov","8475788","42"
"Jack Campbell","8475789","40"
"Erik Gudbranson","8475790","69"
"Taylor Hall","8475791","63"
"Brett Connolly","8475792","71"
"Ryan Johansen","8475793","47"
"Tyler Seguin","8475794","61"
"Dylan McIlrath","8475795","53"
"Mark Pysyk","8475796","61"
"Jarred Tinordi","8475797","59"
"Mikael Granlund","8475798","52"
"Nino Niederreiter","8475799","42"
"Teemu Pulkkinen","8475800","43"
"Joakim Nordstrom","8475807","39"
"Michael Chaput","8475808","29"
"Bryan Rust","8475810","58"
"Julian Melchiori","8475815","48"
"Sami Aittokallio","8475824","18"
"Justin Shugg","8475826","68"
"Philipp Grubauer","8475831","17"
"Bill Arnold","8475833","62"
"Sam Carrick","8475842","61"
"Justin Florek","8475845","40"
"Brendan Gallagher","8475848","52"
"Petr Mrazek","8475852","41"
"Jesper Fast","8475855","40"
"Brandon Davidson","8475869","31"
"Freddie Hamilton","8475878","65"
"Frederik Andersen","8475883","24"
"Patrick Holland","8475889","41"
"Joonas Rask","8475893","58"
"Zach Trotman","8475902","47"
"John Klingberg","8475906","30"
"Michael Ferland","8475907","44"
"Mark Stone","8475913","56"
"Jason Akeson","8475917","56"
"Marcel Mueller","8475950","41"
"Michael Sgarbossa","8475958","67"
"Brody Sutter","8475980","48"
"Jamie Doornbosch","8475990","64"
"Brendan Shinnimin","8475996","64"
"Ben Street","8476043","4"
"Mark Arcobello","8476062","34"
"Justin Johnson","8476086","58"
"Ryan Garbutt","8476116","30"
"Harry Zolnierczyk","8476158","31"
"Steve Oleksy","8476162","40"
"Taylor Fedun","8476166","35"
"Matt Read","8476177","37"
"Will Acton","8476179","38"
"Kevan Miller","8476191","39"
"Cory Conacher","8476195","37"
"Stephane Da Costa","8476205","59"
"Andy Miele","8476206","41"
"Brian Gibbons","8476207","36"
"Matt Campanale","8476208","22"
"Mike Sislo","8476209","38"
"Carter Camper","8476211","40"
"Brandon Defazio","8476214","33"
"Chay Genoway","8476224","42"
"Mike Connolly","8476225","43"
"Joe Whitney","8476227","36"
"Keith Kinkaid","8476234","40"
"Justin Fontaine","8476235","43"
"Iiro Tarkki","8476243","48"
"Raphael Diaz","8476244","50"
"Jyrki Jokipakka","8476279","37"
"Ondrej Palat","8476292","42"
"Scott Wilson","8476293","6"
"Frank Corrado","8476302","62"
"David Broll","8476304","73"
"Josh Manson","8476312","42"
"Nathan Lieuwen","8476319","37"
"Iiro Pakarinen","8476336","37"
"Dominik Uher","8476339","40"
"Anton Forsberg","8476341","12"
"Tobias Rieder","8476356","36"
"John Persson","8476367","36"
"Andrew Shaw","8476381","56"
"Vincent Trocheck","8476389","44"
"Adam Lowry","8476392","29"
"Klas Dahlbeck","8476403","29"
"Andy Andreoff","8476404","66"
"Josh Leivo","8476410","71"
"Jonathan Racine","8476411","45"
"Jean-Gabriel Pageau","8476419","37"
"Reid Boucher","8476423","64"
"Ty Rattie","8476427","46"
"Rocco Grimaldi","8476428","51"
"Scott Mayfield","8476429","62"
"Tomas Jurco","8476430","53"
"Adam Clendening","8476431","69"
"Boone Jenner","8476432","58"
"Magnus Hellberg","8476433","35"
"Dmitrij Jaskin","8476436","46"
"Victor Rask","8476437","26"
"Brandon Saad","8476438","54"
"Markus Granlund","8476440","4"
"Matt Nieto","8476442","72"
"Xavier Ouellet","8476443","41"
"Johan Sundstrom","8476445","22"
"William Karlsson","8476448","33"
"Scott Harrington","8476449","68"
"Ryan Sproul","8476450","31"
"Lucas Lessio","8476451","72"
"Tyler Wotherspoon","8476452","41"
"Ryan Nugent-Hopkins","8476454","41"
"Gabriel Landeskog","8476455","42"
"Jonathan Huberdeau","8476456","43"
"Adam Larsson","8476457","34"
"Ryan Strome","8476458","76"
"Mika Zibanejad","8476459","11"
"Mark Scheifele","8476460","49"
"Sean Couturier","8476461","58"
"Dougie Hamilton","8476462","67"
"Jonas Brodin","8476463","22"
"Ryan Murphy","8476465","77"
"Sven Baertschi","8476466","42"
"Jamie Oleksiak","8476467","59"
"J.T. Miller","8476468","45"
"Joel Armia","8476469","8"
"Nathan Beaulieu","8476470","49"
"Oscar Klefbom","8476472","15"
"Connor Murphy","8476473","35"
"Joe Morrow","8476476","41"
"Stuart Percy","8476478","79"
"Phillip Danault","8476479","44"
"Nicklas Jensen","8476482","42"
"Rickard Rakell","8476483","16"
"Seth Griffith","8476495","53"
"Adam Payerl","8476522","68"
"Colin Smith","8476536","42"
"Jonathan Marchessault","8476539","62"
"Barclay Goodrow","8476624","73"
"Calvin Heeter","8476763","5"
"Mike Halmo","8476765","62"
"Bobby Farnham","8476769","31"
"Brad Hunt","8476779","37"
"Torey Krug","8476792","59"
"Karl Stollery","8476798","34"
"Cameron Schilling","8476799","25"
"Spencer Abbott","8476805","38"
"J.T. Brown","8476806","36"
"Matt Tennyson","8476807","57"
"Brian Flynn","8476808","38"
"Jeremy Welsh","8476819","49"
"Luke Glendening","8476822","35"
"Chad Billins","8476827","27"
"Roman Cervenka","8476834","51"
"Daniel Bang","8476835","38"
"Viktor Fasth","8476839","9"
"Niklas Svedberg","8476844","27"
"Cristopher Nilstorp","8476846","16"
"Harri Pesonen","8476849","58"
"Ryan Murray","8476850","41"
"Griffin Reinhart","8476852","3"
"Morgan Rielly","8476853","43"
"Hampus Lindholm","8476854","1"
"Matt Dumba","8476856","33"
"Tanner Pearson","8476871","52"
"Cody Ceci","8476879","57"
"Tomas Hertl","8476881","35"
"Derrick Pouliot","8476884","31"
"Filip Forsberg","8476887","15"
"Jordan Martinook","8476921","35"
"Colton Sissons","8476925","39"
"Jake McCabe","8476931","45"
"Brendan Woods","8476944","29"
"Cedric Paquette","8476975","45"
"Marek Mazanec","8476992","27"
"Damien Brunner","8477059","51"
"Dmitry Korobov","8477082","37"
"Kellan Lain","8477201","47"
"Andrew Hammond","8477202","43"
"Andrej Sustr","8477205","51"
"Tim Schaller","8477213","45"
"Conor Allen","8477214","46"
"Danny DeKeyser","8477215","58"
"Eriah Hayes","8477227","59"
"Matt Lindblad","8477228","51"
"Drew LeBlanc","8477243","38"
"Chad Ruhwedel","8477244","55"
"Anton Belov","8477289","38"
"Michael Raffl","8477290","49"
"Antti Raanta","8477293","2"
"Sven Andrighetto","8477413","32"
"Marko Dano","8477448","5"
"Kerby Rychel","8477510","26"
"Josh Jooris","8477591","42"
"Simon Moser","8477666","47"
"Kevin Czuczman","8477814","37"
"Cody Kunyk","8477832","61"
"Matt Carey","8477836","36"
"Trevor van Riemsdyk","8477845","29"
"Bryce Van Brabant","8477847","46"
"Christian Folin","8477850","40"
"Melker Karlsson","8477922","38"
"Pierre-Edouard Bellemare","8477930","47"
"Jiri Sekac","8478137","46"
